,count,mean,median,std,q25,q75,iqr
diff_r_min,5677.0,50835783.94389416,54427898.72496382,18056569.703174077,37992956.75799654,66962805.070053846,28969848.31205731
diff_kappa_max,5677.0,-0.020920328065827713,-0.016714124568647314,0.016031344266311306,-0.030138167650796143,-0.008184928356835146,0.021953239293960997
alat50_diff,5677.0,-7.321153966729881,-6.747452519506294,4.283314084172161,-12.860063330858505,-3.3471614423358953,9.51290188852261
alat80_diff,5677.0,-18.74215415482849,-17.27347844993611,10.965284055480732,-32.92176212699778,-8.568733292379891,24.353028834617888
alat110_diff,5677.0,-35.434385198972606,-32.65767019441045,20.731240167393256,-62.24270652135516,-16.20026138090573,46.04244514044943
