metric,n_osm,n_bd,mean_osm,mean_bd,std_osm,std_bd,diff_mean,t_welch,p_t_welch,ks_stat,p_ks,mw_stat,p_mw,cohens_d,cliffs_delta
length_m,456874,456874,51.93038635506814,172.1568392069574,53.57090599349698,199.5362709784231,-120.22645285188925,-393.3352091907579,0.0,0.46539746188226955,0.0,42048297743.0,0.0,-0.8229616541495849,-0.597110891548352
